"Champion","Name","Erscheinungsdatum","TagDate","BannrateNachher","BannrateVorher","BeliebtheitNachher","BeliebtheitVorher","GewinnrateNachher","GewinnrateVorher","DeltaBannrate","DeltaBeliebtheit","DeltaGewinnrate","Quartal","AnzahlInNachfolgendenPatchen","AnzahlInVorherigenPatchen"
"Aatrox","Sea Hunter","22-Jul-2015",16638,0.0025,0.0019,0.0202,0.0161,0.5168,0.5132,6e-04,0.0041,0.00360000000000005,3,0,1
"Aatrox","Blood Moon","10-Jan-2019",17906,0.323,0.3641,0.1214,0.1304,0.4878,0.4874,-0.0411,-0.00899999999999999,0.000400000000000011,17,0,2
"Aatrox","Victorious","21-Nov-2019",18221,0.0731,0.0934,0.1057,0.0676,0.4645,0.4723,-0.0203,0.0381,-0.00779999999999997,20,0,0
"Ahri","Academy","26-Aug-2015",16673,0.0264,0.0368,0.1684,0.1637,0.5382,0.5447,-0.0104,0.00469999999999998,-0.00649999999999995,3,1,2
"Ahri","Arcade","24-Aug-2016",17037,0.0138,0.0083,0.1416,0.1192,0.53,0.5279,0.0055,0.0224,0.00209999999999999,7,2,2
"Ahri","Star Guardian","06-Sep-2017",17415,0.0528,0.0655,0.1193,0.1219,0.5063,0.5202,-0.0127,-0.00259999999999999,-0.0139,11,0,1
"Ahri","KDA","03-Nov-2018",17838,0.0545,0.0654,0.1051,0.1303,0.5332,0.5297,-0.0109,-0.0252,0.00350000000000006,16,1,1
"Ahri","Elderwood","29-Aug-2019",18137,0.0562,0.0576,0.1017,0.094,0.523,0.5253,-0.0014,0.0077,-0.00229999999999997,19,0,1
"Ahri","Challenger","15-Jan-2015",16450,0.2228,0.0207,0.2321,0.1222,0.5571,0.5125,0.2021,0.1099,0.0446000000000001,1,NA,NA
"Ahri","Prestige KDA","07-Mar-2019",17962,0.0483,0.0401,0.1107,0.0929,0.5222,0.5236,0.00820000000000001,0.0178,-0.00139999999999996,17,0,0
"Akali","Headhunter","23-Mar-2015",16517,0.0044,0.0302,0.0161,0.0172,0.4983,0.4741,-0.0258,-0.0011,0.0242,1,0,1
"Akali","Sashimi","07-Sep-2016",17051,0.0104,0.0127,0.0353,0.0384,0.5171,0.5187,-0.0023,-0.0031,-0.00160000000000005,7,0,0
"Akali","KDA","03-Nov-2018",17838,0.7039,0.6381,0.0893,0.0764,0.4639,0.4759,0.0658,0.0129,-0.012,16,0,1
"Akali","PROJECT","01-Aug-2019",18109,0.264,0.1152,0.1652,0.0768,0.4802,0.4422,0.1488,0.0884,0.038,19,1,1
"Akali","True Damage","10-Nov-2019",18210,0.2867,0.2061,0.1594,0.1097,0.4675,0.4548,0.0806,0.0497,0.0127,20,0,1
"Akali","Prestige KDA","06-Dec-2018",17871,0.5159,0.7161,0.0851,0.0858,0.4518,0.4761,-0.2002,-0.000700000000000006,-0.0243,16,2,3
"Alistar","Marauder","30-Sep-2015",16708,0.005,0.0174,0.1512,0.1576,0.4908,0.4881,-0.0124,-0.00639999999999999,0.00270000000000004,3,0,1
"Alistar","Moo Cow","29-Mar-2017",17254,0.0028,0.0026,0.0543,0.0482,0.5107,0.4928,2e-04,0.0061,0.0179,9,1,1
"Alistar","Blackfrost","05-Mar-2020",18326,0.0049,0.0033,0.0413,0.0315,0.4995,0.4831,0.0016,0.0098,0.0164,21,1,1
"Alistar","SKT T1","17-Aug-2016",17030,0.0258,0.0325,0.1045,0.1014,0.489,0.4823,-0.0067,0.00309999999999999,0.00669999999999998,7,0,0
"Alistar","Conqueror","30-Apr-2019",18016,0.0249,0.0428,0.0449,0.0636,0.4701,0.466,-0.0179,-0.0187,0.00409999999999999,18,0,1
"Alistar","Hextech","26-Mar-2018",17616,0.1224,0.1759,0.1139,0.1436,0.4956,0.5061,-0.0535,-0.0297,-0.0105,13,1,2
"Amumu","Surprise Party","31-Mar-2015",16525,0.0227,0.0029,0.1196,0.0696,0.5233,0.4929,0.0198,0.05,0.0304,1,1,1
"Amumu","Infernal","16-Oct-2018",17820,0.004,0.0044,0.027,0.0236,0.5087,0.5103,-4e-04,0.0034,-0.00159999999999993,16,0,0
"Amumu","Hextech","26-Sep-2019",18165,0.0066,0.0088,0.0323,0.035,0.5041,0.5106,-0.0022,-0.0027,-0.00650000000000006,19,0,0
"Anivia","Prehistoric","14-Jun-2015",16600,0.0031,0.0015,0.0372,0.0248,0.5128,0.5312,0.0016,0.0124,-0.0184,2,0,0
"Anivia","Festival Queen","23-Feb-2017",17220,0.005,0.0017,0.0521,0.0291,0.5625,0.5698,0.0033,0.023,-0.00729999999999997,9,1,3
"Anivia","Papercraft","21-Feb-2019",17948,0.0205,0.0183,0.0357,0.0299,0.5162,0.516,0.0022,0.0058,0.000199999999999978,17,1,1
"Annie","Super Galaxy","16-Oct-2017",17455,0.0111,0.0148,0.0364,0.0411,0.5162,0.5162,-0.0037,-0.0047,0,12,0,0
"Annie","Sweetheart","13-Feb-2015",16479,0.0549,0.0078,0.1718,0.0979,0.5239,0.5326,0.0471,0.0739,-0.00869999999999993,1,NA,NA
"Annie","Hextech","15-Mar-2016",16875,0.0066,0.0011,0.0593,0.055,0.5144,0.5235,0.0055,0.0043,-0.0091,5,0,0
"Annie","Annie-Versary","27-Oct-2019",18196,0.0073,0.0078,0.0299,0.0272,0.4996,0.4936,-5e-04,0.0027,0.00600000000000001,20,0,2
"Ashe","Marauder","17-Feb-2015",16483,7e-04,0.001,0.0323,0.0497,0.5272,0.5236,-3e-04,-0.0174,0.00360000000000005,1,NA,NA
"Ashe","PROJECT","01-Aug-2016",17014,0.0346,0.008,0.2353,0.1572,0.5319,0.539,0.0266,0.0781,-0.0071,7,0,0
"Ashe","Cosmic Queen","21-Aug-2018",17764,0.002,0.0017,0.0532,0.0346,0.4921,0.4845,3e-04,0.0186,0.0076,15,0,0
"Ashe","High Noon","10-Oct-2019",18179,0.0564,0.0063,0.1963,0.0737,0.5394,0.5109,0.0501,0.1226,0.0285,20,2,2
"Ashe","Championship","12-Sep-2017",17421,0.0031,0.0028,0.0916,0.0881,0.4845,0.4904,3e-04,0.0035,-0.00590000000000002,11,0,1
"AurelionSol","Mecha","16-Aug-2018",17759,0.0089,0.008,0.021,0.0196,0.5444,0.5394,9e-04,0.0014,0.005,15,0,0
"Azir","Gravelord","01-Dec-2015",16770,0.0053,0.0102,0.0597,0.0529,0.4593,0.4418,-0.0049,0.0068,0.0175,4,2,3
"Azir","SKT T1","17-Aug-2016",17030,0.0175,0.1968,0.0283,0.1087,0.4338,0.45,-0.1793,-0.0804,-0.0162,7,1,2
"Azir","Warring Kingdoms","19-Jan-2017",17185,0.002,0.0026,0.0244,0.0231,0.4691,0.4836,-6e-04,0.0013,-0.0145,9,1,1
"Bard","Snow Day","10-Dec-2015",16779,0.0057,0.0019,0.1306,0.0546,0.4795,0.5079,0.0038,0.076,-0.0284,4,1,1
"Bard","Bard Bard","17-Nov-2016",17122,0.0031,0.0072,0.0956,0.1143,0.4892,0.5047,-0.0041,-0.0187,-0.0155,8,0,0
"Blitzcrank","Battle Boss","19-Aug-2015",16666,0.0113,0.0094,0.2135,0.1553,0.5269,0.5336,0.0019,0.0582,-0.00669999999999993,3,0,0
"Blitzcrank","Lancer Rogue","16-Nov-2017",17486,0.1884,0.189,0.1187,0.0883,0.5169,0.4913,-0.000599999999999989,0.0304,0.0256,12,1,1
"Blitzcrank","Witch's Brew","24-Oct-2019",18193,0.3116,0.1517,0.1156,0.0982,0.522,0.5122,0.1599,0.0174,0.00980000000000003,20,1,2
"Brand","Spirit Fire","21-Oct-2015",16729,0.0034,0.0011,0.0727,0.044,0.5388,0.5316,0.0023,0.0287,0.00719999999999998,4,1,1
"Brand","Battle Boss","08-Aug-2017",17386,0.0228,0.0247,0.065,0.0758,0.4925,0.5134,-0.0019,-0.0108,-0.0209,11,1,1
"Brand","Arclight","07-Mar-2019",17962,0.0788,0.138,0.0535,0.0753,0.4906,0.5035,-0.0592,-0.0218,-0.0129,17,1,2
"Braum","El Tigre","21-Jan-2015",16456,0.0155,0.0408,0.0917,0.0838,0.4912,0.4918,-0.0253,0.0079,-0.000599999999999989,1,NA,NA
"Braum","Braum Lionheart","07-Dec-2015",16776,0.0042,0.0055,0.093,0.1353,0.504,0.5039,-0.0013,-0.0423,9.9999999999989e-05,4,0,0
"Braum","Mafia","23-Aug-2018",17766,0.0493,0.0295,0.0929,0.0596,0.4955,0.4854,0.0198,0.0333,0.0101,15,0,0
"Braum","Sugar Rush","17-Dec-2019",18247,0.0082,0.01,0.047,0.0296,0.4911,0.4564,-0.0018,0.0174,0.0347,20,1,1
"Braum","Santa","14-Dec-2016",17149,0.0061,0.0189,0.0809,0.0963,0.492,0.495,-0.0128,-0.0154,-0.003,8,0,1
"Caitlyn","Pulsefire","24-May-2017",17310,0.2489,0.0292,0.3777,0.2692,0.5164,0.508,0.2197,0.1085,0.00839999999999996,10,1,1
"Caitlyn","Pool Party","02-Aug-2018",17745,0.0152,0.0092,0.1017,0.0403,0.4753,0.4453,0.006,0.0614,0.03,15,0,2
"Caitlyn","Arcade","28-Jun-2019",18075,0.0635,0.0435,0.1831,0.1243,0.4994,0.4886,0.02,0.0588,0.0108,18,1,2
"Caitlyn","Lunar Wraith","27-Jan-2016",16827,5e-04,0.0019,0.111,0.1135,0.4825,0.47,-0.0014,-0.0025,0.0125,5,2,4
"Camille","Coven","27-Nov-2018",17862,0.2378,0.2319,0.1559,0.1555,0.4949,0.5029,0.00590000000000002,0.000400000000000011,-0.00800000000000001,16,0,0
"Camille","iG","23-Apr-2019",18009,0.0127,0.0246,0.0385,0.0436,0.4935,0.4925,-0.0119,-0.0051,0.001,18,1,1
"Cassiopeia","Eternum","20-Sep-2017",17429,0.017,0.0171,0.0387,0.0437,0.4718,0.4948,-9.99999999999994e-05,-0.005,-0.023,11,2,4
"Chogath","Prehistoric","14-Jun-2015",16600,0.1769,0.1921,0.0893,0.1287,0.5033,0.5018,-0.0152,-0.0394,0.00149999999999995,2,0,0
"Chogath","Dark Star","13-Jul-2018",17725,0.0129,0.0248,0.0373,0.0451,0.4849,0.4921,-0.0119,-0.0078,-0.00719999999999998,15,0,1
"Corki","Arcade","24-Aug-2016",17037,0.0016,0.0014,0.0223,0.0169,0.5011,0.5008,2e-04,0.0054,0.000299999999999967,7,1,2
"Corki","Corgi","27-Mar-2019",17982,0.006,0.004,0.0565,0.0405,0.5011,0.506,0.002,0.016,-0.00490000000000002,17,0,0
"Darius","Academy","26-Aug-2015",16673,0.6574,0.0027,0.0934,0.0319,0.5379,0.4958,0.6547,0.0615,0.0421,3,1,2
"Darius","God-King","27-Jun-2018",17709,0.3976,0.3196,0.1765,0.1138,0.4921,0.5117,0.078,0.0627,-0.0196000000000001,14,0,0
"Darius","High Noon","10-Oct-2019",18179,0.2813,0.2981,0.1042,0.0977,0.5018,0.5091,-0.0168,0.00650000000000001,-0.00729999999999997,20,0,0
"Darius","Dreadnova","12-Apr-2017",17268,0.1783,0.1485,0.1087,0.0849,0.5149,0.5288,0.0298,0.0238,-0.0139,10,1,1
"Diana","Infernal","20-Apr-2016",16911,0.0135,0.0168,0.0562,0.0542,0.4912,0.5009,-0.0033,0.002,-0.00969999999999999,6,0,0
"Diana","Blood Moon","09-Feb-2017",17206,0.0037,0.0029,0.0364,0.0299,0.5057,0.5057,8e-04,0.0065,0,9,0,0
"Diana","Dark Waters","31-May-2018",17682,0.0148,0.0133,0.0384,0.033,0.4825,0.4909,0.0015,0.0054,-0.00840000000000002,14,1,2
"Diana","Dragonslayer","30-Jan-2020",18291,0.2277,0.2641,0.1064,0.1532,0.5151,0.5167,-0.0364,-0.0468,-0.00160000000000005,21,0,1
"Draven","Pool Party","25-Jun-2015",16611,0.0034,0.0027,0.0829,0.0669,0.5128,0.5169,7e-04,0.016,-0.00409999999999999,2,0,0
"Draven","Beast Hunter","04-Feb-2016",16835,0.0443,0.002,0.0411,0.0609,0.5161,0.5012,0.0423,-0.0198,0.0149,5,0,0
"Draven","Mecha Kingdoms","15-Jan-2020",18276,0.0656,0.1015,0.0606,0.0577,0.4924,0.4896,-0.0359,0.0029,0.00280000000000002,21,1,1
"Draven","Draven Draven","31-Mar-2016",16891,0.0018,0.0319,0.0639,0.0412,0.4986,0.5147,-0.0301,0.0227,-0.0161000000000001,5,0,0
"Draven","Santa","12-Dec-2017",17512,0.0927,0.1491,0.0795,0.0788,0.4921,0.5065,-0.0564,0.000700000000000006,-0.0144,12,0,2
"DrMundo","Pool Party Mundo","25-Jun-2015",16611,8e-04,0.0013,0.0201,0.0321,0.4794,0.4717,-5e-04,-0.012,0.00769999999999998,2,0,0
"DrMundo","El Macho Mundo","01-Jun-2016",16953,0.0013,0.006,0.0208,0.0276,0.4879,0.5018,-0.0047,-0.0068,-0.0139,6,0,0
"DrMundo","Frozen Prince Mundo","06-Dec-2018",17871,0.0069,0.0056,0.0208,0.0206,0.4642,0.4797,0.0013,0.000199999999999999,-0.0155,16,1,1
"Ekko","Academy","26-Aug-2015",16673,0.0777,0.2653,0.159,0.0926,0.49,0.4767,-0.1876,0.0664,0.0133,3,1,3
"Ekko","PROJECT","01-Aug-2016",17014,0.1224,0.1556,0.1887,0.1035,0.4917,0.495,-0.0332,0.0852,-0.00329999999999997,7,0,0
"Ekko","True Damage","10-Nov-2019",18210,0.2673,0.1445,0.1681,0.1634,0.522,0.5183,0.1228,0.00470000000000001,0.00370000000000004,20,0,0
"Ekko","SKT T1","27-Jun-2017",17344,0.0269,0.0284,0.0811,0.1006,0.4946,0.4908,-0.0015,-0.0195,0.00379999999999997,10,1,1
"Ekko","Trick or Treat","24-Oct-2018",17828,0.0192,0.0147,0.0865,0.0729,0.5003,0.5015,0.0045,0.0136,-0.00119999999999998,16,0,0
"Elise","Blood Moon","08-Jan-2015",16443,0.0012,0.0019,0.037,0.0359,0.436,0.4481,-7e-04,0.0011,-0.0121,1,NA,NA
"Elise","Super Galaxy","16-Oct-2017",17455,0.0607,0.0859,0.0683,0.0653,0.4986,0.4931,-0.0252,0.003,0.0055,12,0,1
"Elise","SKT T1","17-Aug-2016",17030,0.0198,0.0118,0.1021,0.0928,0.5065,0.505,0.008,0.0093,0.00149999999999995,7,0,0
"Evelynn","Blood Moon","08-May-2018",17659,0.1407,0.1994,0.053,0.054,0.5025,0.5204,-0.0587,-0.001,-0.0179,14,0,0
"Evelynn","KDA","03-Nov-2018",17838,0.1617,0.2903,0.0522,0.0589,0.4985,0.5147,-0.1286,-0.0067,-0.0162,16,1,1
"Evelynn","Sugar Rush","17-Dec-2019",18247,0.0879,0.1393,0.0396,0.0423,0.4903,0.495,-0.0514,-0.00269999999999999,-0.00469999999999998,20,1,1
"Evelynn","Prestige KDA","18-Apr-2019",18004,0.1244,0.1229,0.0514,0.0491,0.5024,0.5076,0.0015,0.0023,-0.00520000000000009,18,0,0
"Ezreal","Ace of Spades","20-May-2015",16575,0.0016,0.0027,0.2027,0.2112,0.4731,0.4682,-0.0011,-0.00850000000000001,0.00490000000000002,2,0,0
"Ezreal","Arcade","24-Aug-2016",17037,0.0097,0.006,0.3072,0.266,0.4892,0.4802,0.0037,0.0412,0.00900000000000001,7,1,1
"Ezreal","Star Guardian","06-Sep-2017",17415,0.1153,0.0043,0.2008,0.0822,0.4812,0.4513,0.111,0.1186,0.0299,11,1,2
"Ezreal","Pajama Guardian","21-Nov-2018",17856,0.0379,0.0621,0.2732,0.271,0.4848,0.4526,-0.0242,0.00219999999999998,0.0322,16,1,3
"Ezreal","Battle Academia","15-May-2019",18031,0.1219,0.0509,0.3488,0.2162,0.4749,0.4697,0.071,0.1326,0.00519999999999998,18,0,0
"Ezreal","SSG","20-Jul-2018",17732,0.0324,0.0824,0.2374,0.2722,0.4649,0.4738,-0.05,-0.0348,-0.00890000000000002,15,1,3
"Fiddlesticks","Risen","29-Apr-2015",16554,0.0984,0.1958,0.0529,0.0631,0.5179,0.5226,-0.0974,-0.0102,-0.00469999999999993,2,0,0
"Fiddlesticks","Praetorian","08-Nov-2018",17843,0.0553,0.0567,0.061,0.0458,0.5071,0.5049,-0.0014,0.0152,0.00219999999999998,16,0,0
"Fiora","PROJECT","07-Sep-2015",16685,0.7281,0.0197,0.105,0.0471,0.5261,0.5094,0.7084,0.0579,0.0167,3,0,1
"Fiora","Pool Party","13-Jul-2016",16995,0.0384,0.0111,0.0835,0.0494,0.498,0.4788,0.0273,0.0341,0.0192,7,2,2
"Fiora","Soaring Sword","27-Sep-2017",17436,0.2534,0.2097,0.0922,0.0624,0.5002,0.4785,0.0437,0.0298,0.0217,11,1,2
"Fiora","Heartpiercer","11-Feb-2019",17938,0.0747,0.0856,0.064,0.0801,0.4742,0.4939,-0.0109,-0.0161,-0.0197,17,1,1
"Fiora","iG","23-Apr-2019",18009,0.0664,0.0596,0.0631,0.051,0.4953,0.4746,0.0068,0.0121,0.0207,18,2,2
"Fizz","Cottontail","09-Aug-2015",16656,0.1963,0.072,0.1644,0.1315,0.4981,0.5049,0.1243,0.0329,-0.00680000000000003,3,0,0
"Fizz","Super Galaxy","25-May-2016",16946,0.4043,0.1046,0.1661,0.1593,0.4999,0.5205,0.2997,0.0068,-0.0206,6,1,1
"Fizz","Omega Squad","26-Jul-2017",17373,0.2342,0.4436,0.0684,0.0718,0.5059,0.502,-0.2094,-0.0034,0.00390000000000001,11,0,0
"Fizz","Fuzz","27-Mar-2019",17982,0.0686,0.0614,0.0607,0.0559,0.5142,0.5138,0.00719999999999999,0.0048,0.000399999999999956,17,0,0
"Galio","Debonair","13-Apr-2015",16538,0.0059,0.0052,0.0116,0.0109,0.5126,0.5066,7e-04,0.000699999999999999,0.00599999999999989,2,1,1
"Galio","Birdio","29-Mar-2018",17619,0.0184,0.0582,0.0402,0.1018,0.4628,0.4955,-0.0398,-0.0616,-0.0327,13,1,1
"Galio","Infernal","05-Sep-2019",18144,0.0076,0.0017,0.0373,0.0098,0.506,0.4502,0.0059,0.0275,0.0558,19,1,3
"Gangplank","Captain","09-Aug-2015",16656,0.0977,0.0046,0.095,0.0373,0.5117,0.477,0.0931,0.0577,0.0347000000000001,3,2,2
"Gangplank","Dreadnova","12-Jan-2017",17178,0.0179,0.0076,0.1425,0.0808,0.494,0.4977,0.0103,0.0617,-0.00369999999999998,9,0,1
"Gangplank","Pool Party","02-Aug-2018",17745,0.0491,0.0441,0.0931,0.0678,0.4899,0.492,0.005,0.0253,-0.00209999999999999,15,0,0
"Garen","Rogue Admiral","22-Jul-2015",16638,0.0078,0.0069,0.0342,0.0327,0.48,0.483,9e-04,0.0015,-0.003,3,0,0
"Garen","God-King","27-Jun-2018",17709,0.0341,0.0148,0.0861,0.0372,0.5141,0.4967,0.0193,0.0489,0.0174,14,0,1
"Garen","Demacia Vice","18-Jul-2019",18095,0.0264,0.019,0.0671,0.0504,0.5138,0.5134,0.0074,0.0167,0.000400000000000067,19,0,0
"Garen","Mecha Kingdoms","15-Jan-2020",18276,0.0194,0.1165,0.0541,0.0797,0.4869,0.5067,-0.0971,-0.0256,-0.0198,21,1,3
"Garen","Warring Kingdoms","19-Jan-2017",17185,0.007,0.0073,0.0289,0.0276,0.5025,0.4709,-3e-04,0.0013,0.0316,9,1,1
"Gnar","Gentleman","14-Jul-2015",16630,0.0202,0.0179,0.1111,0.1233,0.4801,0.4815,0.0023,-0.0122,-0.00139999999999996,3,0,0
"Gnar","El Le√≥n","01-Jun-2016",16953,0.0018,0.0014,0.0461,0.0375,0.4839,0.488,4e-04,0.0086,-0.00409999999999999,6,0,0
"Gnar","Super Galaxy","16-Oct-2017",17455,0.0366,0.0309,0.088,0.0774,0.4842,0.4887,0.0057,0.0106,-0.0045,12,0,1
"Gnar","Snow Day","10-Dec-2015",16779,0.0043,0.0072,0.0736,0.0906,0.4919,0.4907,-0.0029,-0.017,0.00119999999999998,4,1,1
"Gnar","SSG","20-Jul-2018",17732,0.0088,0.0089,0.0516,0.0278,0.4696,0.47,-9.99999999999994e-05,0.0238,-0.000399999999999956,15,0,0
"Gragas","Gragas Caskbreaker","07-Dec-2015",16776,0.0023,0.0064,0.0397,0.0773,0.4631,0.4799,-0.0041,-0.0376,-0.0168,4,0,0
"Gragas","Arctic Ops","25-Jan-2018",17556,0.0015,0.0035,0.0343,0.0357,0.4573,0.446,-0.002,-0.00140000000000001,0.0113,13,0,0
"Graves","Cutthroat","21-Jul-2015",16637,0.0025,0.0037,0.1858,0.1727,0.492,0.4899,-0.0012,0.0131,0.00209999999999999,3,0,0
"Graves","Praetorian","08-Nov-2018",17843,0.1157,0.3506,0.1455,0.2092,0.5029,0.5086,-0.2349,-0.0637,-0.00570000000000004,16,0,1
"Graves","Battle Professor","15-May-2019",18031,0.0067,0.0093,0.0502,0.0435,0.4888,0.496,-0.0026,0.0067,-0.00719999999999998,18,1,1
"Graves","Snow Day","14-Dec-2016",17149,0.0148,0.0704,0.1052,0.1103,0.4996,0.5027,-0.0556,-0.00509999999999999,-0.00310000000000005,8,1,2
"Graves","Victorious","08-Nov-2017",17478,0.01,0.0025,0.0736,0.0284,0.4597,0.4541,0.0075,0.0452,0.00559999999999999,12,1,3
"Hecarim","Elderwood","25-Nov-2015",16764,0.0055,0.0035,0.0587,0.0567,0.4991,0.5196,0.002,0.002,-0.0205,4,2,2
"Hecarim","Worldbreaker","10-Nov-2016",17115,0.2474,0.1973,0.1267,0.0823,0.5347,0.5306,0.0501,0.0444,0.00409999999999999,8,0,1
"Hecarim","High Noon","10-Oct-2019",18179,0.0373,0.0686,0.0674,0.0694,0.5106,0.5132,-0.0313,-0.002,-0.00259999999999994,20,0,0
"Hecarim","Lancer Zero","16-Aug-2017",17394,0.0066,0.0083,0.0334,0.0333,0.4877,0.5056,-0.0017,9.99999999999959e-05,-0.0179,11,0,0
"Heimerdinger","Dragon Trainer","11-Oct-2018",17815,0.0103,0.0072,0.0343,0.0232,0.5206,0.5276,0.0031,0.0111,-0.00700000000000001,16,0,0
"Illaoi","Resistance","15-Mar-2018",17605,0.0533,0.0951,0.039,0.0445,0.5057,0.4992,-0.0418,-0.0055,0.00650000000000006,13,0,1
"Irelia","Order of the Lotus","03-Jun-2015",16589,0.1096,0.1269,0.1448,0.1161,0.5199,0.5182,-0.0173,0.0287,0.00170000000000003,2,0,0
"Irelia","Divine Sword","04-Sep-2018",17778,0.4217,0.1657,0.1884,0.0904,0.5017,0.4689,0.256,0.098,0.0328000000000001,15,1,2
"Irelia","PROJECT","01-Aug-2019",18109,0.1048,0.1441,0.1257,0.137,0.4567,0.4579,-0.0393,-0.0113,-0.00119999999999998,19,1,2
"Irelia","iG","23-Apr-2019",18009,0.2071,0.1575,0.1632,0.1524,0.4738,0.4747,0.0496,0.0108,-0.000900000000000012,18,0,0
"Ivern","Dunkmaster","04-Apr-2019",17990,0.0035,0.0166,0.0165,0.0322,0.5103,0.513,-0.0131,-0.0157,-0.00270000000000004,18,1,1
"Janna","Star Guardian","05-Oct-2016",17079,0.0171,0.0109,0.1953,0.1667,0.5465,0.5391,0.0062,0.0286,0.00739999999999996,8,0,0
"Janna","Sacred Sword","27-Sep-2017",17436,0.4896,0.5382,0.238,0.2536,0.5375,0.5639,-0.0486,-0.0156,-0.0264,11,1,1
"Janna","Guardian of the Sands","22-Jan-2020",18283,0.0039,0.0047,0.071,0.0618,0.5183,0.5317,-8e-04,0.00919999999999999,-0.0134,21,0,0
"Janna","Bewitching","24-Oct-2018",17828,0.008,0.0097,0.09,0.0809,0.5139,0.4986,-0.0017,0.0091,0.0153,16,0,1
"JarvanIV","Dark Star","01-Mar-2018",17591,0.055,0.0994,0.1381,0.1976,0.4866,0.4981,-0.0444,-0.0595,-0.0115,13,1,2
"JarvanIV","SSG","20-Jul-2018",17732,0.0113,0.0157,0.0747,0.071,0.491,0.4764,-0.0044,0.00370000000000001,0.0146,15,2,2
"JarvanIV","Hextech","04-Apr-2019",17990,0.1263,0.0362,0.2182,0.1631,0.5153,0.5171,0.0901,0.0551,-0.00180000000000002,18,1,1
"Jax","Warden","30-Sep-2015",16708,0.0035,0.0076,0.053,0.0578,0.5051,0.4934,-0.0041,-0.0048,0.0117,3,0,1
"Jax","God Staff","11-Jan-2018",17542,0.0406,0.0349,0.1144,0.0959,0.493,0.4971,0.0057,0.0185,-0.00409999999999999,13,0,0
"Jax","Mecha Kingdoms","15-Jan-2020",18276,0.0652,0.0886,0.0907,0.0822,0.4948,0.5066,-0.0234,0.00850000000000001,-0.0118,21,1,1
"Jayce","Forsaken","03-May-2015",16558,0.0012,0.0012,0.0395,0.0302,0.4762,0.4733,0,0.0093,0.00290000000000001,2,0,0
"Jayce","Jayce Brighthammer","17-Nov-2016",17122,0.1301,0.1459,0.119,0.1508,0.5225,0.5287,-0.0158,-0.0318,-0.00619999999999998,8,1,1
"Jayce","Battle Academia","15-May-2019",18031,0.0467,0.0623,0.0768,0.068,0.4787,0.4891,-0.0156,0.00879999999999999,-0.0104,18,0,1
"Jhin","Blood Moon","09-Feb-2017",17206,0.0533,0.0123,0.4174,0.2629,0.5103,0.5118,0.041,0.1545,-0.00150000000000006,9,0,1
"Jhin","PROJECT","22-Nov-2017",17492,0.0206,0.0026,0.2606,0.0796,0.4847,0.4861,0.018,0.181,-0.00139999999999996,12,1,1
"Jhin","Dark Cosmic","13-Jun-2019",18060,0.0114,0.0091,0.1248,0.1194,0.5018,0.4926,0.0023,0.00539999999999999,0.00920000000000004,18,1,1
"Jhin","SKT T1","27-Jun-2017",17344,0.0226,0.0012,0.2748,0.0726,0.506,0.4821,0.0214,0.2022,0.0239,10,1,2
"Jinx","Firecracker","10-Feb-2015",16476,0.0056,0.0036,0.2503,0.1824,0.5316,0.5387,0.002,0.0679,-0.0071,1,NA,NA
"Jinx","Star Guardian","05-Oct-2016",17079,0.0135,0.0058,0.2327,0.1808,0.5245,0.5319,0.0077,0.0519,-0.00740000000000007,8,1,2
"Jinx","Odyssey","12-Sep-2018",17786,0.0047,0.0063,0.1238,0.1325,0.5145,0.5244,-0.0016,-0.00870000000000001,-0.00990000000000002,15,0,0
"Jinx","PROJECT","01-Aug-2019",18109,0.0257,0.0161,0.1975,0.1597,0.5366,0.5324,0.0096,0.0378,0.00419999999999998,19,0,0
"Jinx","Zombie Slayer","05-Nov-2015",16744,0.0044,0.0033,0.1911,0.2462,0.5012,0.5175,0.0011,-0.0551,-0.0163,4,0,0
"Jinx","Ambitious Elf","12-Dec-2017",17512,0.0015,0.003,0.0693,0.0893,0.4898,0.5069,-0.0015,-0.02,-0.0171,12,1,2
"Jinx","Heartseeker","04-Feb-2020",18296,0.0026,0.0053,0.0936,0.0989,0.5113,0.5108,-0.0027,-0.0053,0.000499999999999945,21,1,1
"Kaisa","KDA","03-Nov-2018",17838,0.1883,0.2296,0.323,0.3057,0.4878,0.4999,-0.0413,0.0173,-0.0121,16,1,2
"Kaisa","Arcade","28-Jun-2019",18075,0.0727,0.1186,0.2702,0.336,0.4946,0.4923,-0.0459,-0.0658,0.00229999999999997,18,0,0
"Kaisa","iG","23-Apr-2019",18009,0.0975,0.0469,0.3174,0.2306,0.4919,0.4858,0.0506,0.0868,0.00609999999999999,18,0,0
"Kalista","Championship","27-Sep-2015",16705,0.0237,0.0549,0.1536,0.1073,0.4968,0.5061,-0.0312,0.0463,-0.00929999999999997,3,1,1
"Kalista","SKT T1","17-Aug-2016",17030,4e-04,6e-04,0.0174,0.0216,0.4536,0.4754,-2e-04,-0.0042,-0.0218,7,0,0
"Karma","Warden","30-Sep-2015",16708,3e-04,4e-04,0.0251,0.0259,0.5049,0.499,-1e-04,-0.000799999999999999,0.00590000000000002,3,0,1
"Karma","Dark Star","13-Jun-2019",18060,0.0781,0.0052,0.1779,0.0758,0.5067,0.4881,0.0729,0.1021,0.0186000000000001,18,1,1
"Karma","Winter Wonder","14-Dec-2016",17149,0.0061,0.0137,0.1845,0.1808,0.4947,0.5009,-0.0076,0.00370000000000001,-0.00620000000000004,8,1,1
"Karma","Conqueror","23-Apr-2017",17279,0.0134,0.004,0.2093,0.1502,0.5306,0.4928,0.0094,0.0591,0.0377999999999999,10,1,1
"Karma","Dawnbringer","12-Dec-2019",18242,0.0036,0.0045,0.0571,0.0483,0.4859,0.4806,-9e-04,0.0088,0.00529999999999997,20,1,1
"Karthus","Karthus Lightsbane","17-Nov-2016",17122,0.0012,0.0011,0.0214,0.0226,0.5576,0.6083,9.99999999999998e-05,-0.0012,-0.0507,8,0,0
"Kassadin","Cosmic Reaver","14-Oct-2015",16722,0.0069,7e-04,0.0812,0.0206,0.4703,0.4646,0.0062,0.0606,0.00569999999999998,4,0,0
"Kassadin","Count","24-Oct-2019",18193,0.0555,0.0734,0.0437,0.0647,0.5044,0.5061,-0.0179,-0.021,-0.00170000000000003,20,0,0
"Katarina","Warring Kingdoms","10-Feb-2015",16476,0.5293,0.5224,0.1235,0.1236,0.5428,0.5311,0.00690000000000002,-0.000100000000000003,0.0116999999999999,1,NA,NA
"Katarina","PROJECT","01-Aug-2016",17014,0.015,0.0037,0.0914,0.0506,0.5108,0.5136,0.0113,0.0408,-0.00279999999999991,7,0,0
"Katarina","Battle Academia","15-May-2019",18031,0.0578,0.0521,0.0711,0.0649,0.5127,0.5221,0.0057,0.0062,-0.00939999999999996,18,0,0
"Katarina","Blood Moon","20-Feb-2020",18312,0.0978,0.0861,0.086,0.0803,0.5234,0.5087,0.0117,0.0057,0.0146999999999999,21,1,2
"Katarina","Death Sworn","25-Oct-2017",17464,0.225,0.1775,0.0839,0.0729,0.5216,0.5146,0.0475,0.011,0.00700000000000001,12,0,0
"Kayle","Iron Inquisitor","04-May-2016",16925,0.0075,0.0107,0.0482,0.0571,0.5303,0.5455,-0.0032,-0.0089,-0.0152,6,0,1
"Kayle","Pentakill","08-Aug-2017",17386,0.0118,0.0185,0.0385,0.0437,0.5188,0.5405,-0.0067,-0.0052,-0.0216999999999999,11,0,0
"Kayn","Odyssey","12-Sep-2018",17786,0.0912,0.0324,0.1251,0.0798,0.4951,0.4968,0.0588,0.0453,-0.00170000000000003,15,1,1
"Kennen","Blood Moon","25-Feb-2016",16856,7e-04,9e-04,0.0285,0.0288,0.4994,0.5131,-2e-04,-0.000299999999999998,-0.0137,5,0,0
"Kennen","Super","29-Mar-2017",17254,0.0084,0.0052,0.0598,0.0383,0.5089,0.5085,0.0032,0.0215,0.000400000000000067,9,0,2
"Khazix","Death Blossom","17-Mar-2016",16877,0.0233,6e-04,0.0963,0.0472,0.4935,0.4867,0.0227,0.0491,0.00679999999999997,5,0,1
"Khazix","Dark Star","03-May-2017",17289,0.0239,0.0955,0.1439,0.1302,0.5087,0.5056,-0.0716,0.0137,0.00309999999999999,10,1,1
"Khazix","Championship","27-Sep-2018",17801,0.1394,0.0468,0.1317,0.0865,0.5127,0.4974,0.0926,0.0452,0.0153,15,1,1
"Kindred","Super Galaxy","25-May-2016",16946,0.5105,0.4505,0.1135,0.1252,0.5386,0.5436,0.0599999999999999,-0.0117,-0.005,6,1,2
"Kled","Count Kledula","24-Oct-2018",17828,0.0099,0.0158,0.0346,0.0377,0.5231,0.5214,-0.0059,-0.0031,0.00170000000000003,16,0,0
"KogMaw","Pug'Maw","29-Mar-2017",17254,0.0368,0.0021,0.0827,0.0261,0.5348,0.5698,0.0347,0.0566,-0.0349999999999999,9,0,0
"KogMaw","Hextech","07-Dec-2017",17507,0.0089,0.1351,0.042,0.1223,0.5123,0.5123,-0.1262,-0.0803,0,12,1,2
"Leblanc","Elderwood","10-Mar-2016",16870,0.0831,0.0492,0.1406,0.1309,0.4772,0.473,0.0339,0.00970000000000001,0.00420000000000004,5,0,0
"Leblanc","Program","15-Nov-2018",17850,0.3032,0.2395,0.1017,0.1059,0.4948,0.508,0.0637,-0.0042,-0.0132,16,1,2
"Leblanc","iG","23-Apr-2019",18009,0.1255,0.1564,0.0674,0.0856,0.4668,0.4729,-0.0309,-0.0182,-0.00609999999999999,18,0,1
"LeeSin","Knockout","31-May-2015",16586,0.0319,0.0626,0.2675,0.2721,0.4735,0.4665,-0.0307,-0.00459999999999999,0.00699999999999995,2,0,0
"LeeSin","God Fist","05-Apr-2017",17261,0.2113,0.1255,0.4337,0.3519,0.5159,0.4932,0.0858,0.0818,0.0227,10,0,0
"LeeSin","Nightbringer","12-Dec-2019",18242,0.2651,0.2296,0.3203,0.3079,0.4883,0.4846,0.0355,0.0124,0.00370000000000004,20,0,0
"LeeSin","Playmaker","14-Jun-2018",17696,0.0833,0.0456,0.2111,0.1622,0.4974,0.4806,0.0377,0.0489,0.0168,14,2,2
"Leona","PROJECT","07-Sep-2015",16685,0.0067,0.0156,0.1444,0.1252,0.5047,0.5076,-0.0089,0.0192,-0.00290000000000001,3,1,1
"Leona","Barbecue","07-Sep-2016",17051,0.0043,0.01,0.0859,0.109,0.5089,0.5055,-0.0057,-0.0231,0.00340000000000007,7,2,3
"Leona","Solar Eclipse","27-Nov-2018",17862,0.0492,0.0403,0.0903,0.0856,0.4985,0.5092,0.0089,0.00470000000000001,-0.0107,16,0,0
"Leona","Mecha Kingdoms","15-Jan-2020",18276,0.3665,0.1871,0.1629,0.1188,0.5113,0.5182,0.1794,0.0441,-0.00690000000000002,21,0,0
"Lissandra","Program","06-Apr-2016",16897,0.0092,0.0443,0.0908,0.0865,0.4797,0.4793,-0.0351,0.00430000000000001,0.000400000000000011,6,0,0
"Lissandra","Coven","27-Nov-2018",17862,0.0763,0.0264,0.0835,0.0827,0.513,0.5101,0.0499,0.000800000000000009,0.00290000000000001,16,1,1
"Lucian","PROJECT","07-Sep-2015",16685,0.001,8e-04,0.1952,0.1146,0.4702,0.4647,2e-04,0.0806,0.0055,3,1,1
"Lucian","High Noon","30-Aug-2018",17773,0.063,0.062,0.2373,0.2062,0.504,0.5011,0.001,0.0311,0.00290000000000001,15,0,0
"Lucian","Demacia Vice","18-Jul-2019",18095,0.0211,0.0237,0.1681,0.1257,0.478,0.476,-0.0026,0.0424,0.002,19,2,2
"Lucian","Heartseeker","02-Feb-2017",17199,0.001,9e-04,0.1141,0.0976,0.4851,0.4529,1e-04,0.0165,0.0322,9,2,2
"Lulu","Pool Party","25-Jun-2015",16611,0.0015,0.0026,0.0746,0.0898,0.5131,0.5006,-0.0011,-0.0152,0.0125,2,0,1
"Lulu","Star Guardian","05-Oct-2016",17079,0.0013,0.0023,0.0715,0.0738,0.5249,0.4939,-0.001,-0.00230000000000001,0.031,8,0,1
"Lulu","Cosmic Enchantress","21-Aug-2018",17764,0.0821,0.0849,0.131,0.1138,0.4812,0.4866,-0.0028,0.0172,-0.00539999999999996,15,0,0
"Lulu","Pajama Guardian","21-Nov-2018",17856,0.0515,0.0713,0.099,0.1217,0.4893,0.4851,-0.0198,-0.0227,0.00420000000000004,16,1,1
"Lux","Star Guardian","17-May-2015",16572,0.0011,7e-04,0.0829,0.0563,0.496,0.4914,4e-04,0.0266,0.00459999999999999,2,0,1
"Lux","Elementalist","28-Nov-2016",17133,0.0063,0.0026,0.1332,0.0939,0.4995,0.5183,0.0037,0.0393,-0.0188,8,1,1
"Lux","Pajama Guardian","21-Nov-2018",17856,0.0082,0.0052,0.1163,0.0897,0.5111,0.5007,0.003,0.0266,0.0104,16,0,0
"Lux","Battle Academia","15-May-2019",18031,0.0444,0.0119,0.2226,0.132,0.5291,0.516,0.0325,0.0906,0.0131,18,0,0
"Lux","Dark Cosmic","26-Mar-2020",18347,0.0088,0.0041,0.1075,0.0748,0.4933,0.4867,0.0047,0.0327,0.00659999999999999,21,NA,NA
"Lux","Lunar Empress","08-Feb-2018",17570,0.0026,0.0031,0.0582,0.0664,0.4822,0.4993,-5e-04,-0.0082,-0.0171,13,2,3
"Malphite","Ironside","07-Oct-2015",16715,0.0142,0.0089,0.1248,0.1068,0.5238,0.5176,0.0053,0.018,0.00620000000000009,4,0,0
"Malphite","Odyssey","12-Sep-2018",17786,0.0268,0.0276,0.0716,0.0686,0.5004,0.502,-0.000799999999999999,0.003,-0.00160000000000005,15,0,0
"Malphite","Dark Star","26-Mar-2020",18347,0.0252,0.0181,0.0688,0.055,0.5021,0.5046,0.0071,0.0138,-0.00250000000000006,21,NA,NA
"Malzahar","Battle Boss","08-Aug-2017",17386,0.1057,0.0582,0.0813,0.0636,0.5343,0.5493,0.0475,0.0177,-0.015,11,1,2
"Malzahar","Hextech","18-Oct-2018",17822,0.0437,0.0357,0.0585,0.0546,0.5124,0.5116,0.008,0.0039,0.000799999999999912,16,0,0
"Maokai","Meowkai","31-Mar-2016",16891,0.0738,3e-04,0.1264,0.022,0.5074,0.4976,0.0735,0.1044,0.00979999999999998,5,1,1
"Maokai","Victorious","08-Nov-2016",17113,0.0164,0.0013,0.0967,0.0307,0.5152,0.5277,0.0151,0.066,-0.0125,8,0,0
"MasterYi","PROJECT Yi","07-Sep-2015",16685,0.0438,0.1411,0.1339,0.0887,0.4911,0.48,-0.0973,0.0452,0.0111,3,1,1
"MasterYi","Cosmic Blade","26-Apr-2017",17282,0.0714,0.0211,0.1278,0.0881,0.5273,0.5238,0.0503,0.0397,0.00349999999999995,10,1,2
"MasterYi","Eternal Sword Yi","27-Sep-2017",17436,0.0504,0.1153,0.0607,0.0833,0.475,0.4903,-0.0649,-0.0226,-0.0153,11,0,0
"MasterYi","Blood Moon","20-Feb-2020",18312,0.2304,0.0989,0.0804,0.0489,0.5053,0.5137,0.1315,0.0315,-0.00840000000000007,21,1,1
"MasterYi","Snow Man Yi","06-Dec-2018",17871,0.1558,0.108,0.1102,0.0835,0.5077,0.4942,0.0478,0.0267,0.0135000000000001,16,1,1
"MissFortune","Captain Fortune","30-Jul-2015",16646,0.0013,0.001,0.0329,0.0166,0.4977,0.5271,3e-04,0.0163,-0.0294,3,1,1
"MissFortune","Pool Party","13-Jul-2016",16995,9e-04,0.0025,0.0596,0.0722,0.5225,0.534,-0.0016,-0.0126,-0.0115000000000001,7,1,1
"MissFortune","Star Guardian","06-Sep-2017",17415,0.0036,0.0124,0.0615,0.079,0.5123,0.5117,-0.0088,-0.0175,0.000599999999999934,11,0,0
"MissFortune","Gun Goddess","22-Mar-2018",17612,0.0032,0.005,0.0452,0.0326,0.5116,0.4951,-0.0018,0.0126,0.0165000000000001,13,1,2
"MissFortune","Pajama Guardian","21-Nov-2018",17856,0.0151,0.0253,0.0808,0.0861,0.505,0.52,-0.0102,-0.0053,-0.015,16,0,0
"MissFortune","Bewitching","24-Oct-2019",18193,0.03,0.0038,0.1207,0.0546,0.5254,0.5045,0.0262,0.0661,0.0209,20,0,1
"MonkeyKing","Radiant","27-Jan-2016",16827,0.0014,0.0023,0.0661,0.0504,0.518,0.5382,-9e-04,0.0157,-0.0202,5,0,1
"MonkeyKing","Lancer Stratus","04-Apr-2018",17625,0.0073,0.0042,0.0425,0.0279,0.5164,0.5083,0.0031,0.0146,0.0081,14,2,2
"Mordekaiser","King of Clubs","20-May-2015",16575,0.0015,0.0013,0.0184,0.012,0.5287,0.5147,2e-04,0.0064,0.0139999999999999,2,1,1
"Mordekaiser","Dark Star","26-Mar-2020",18347,0.1796,0.1973,0.115,0.1202,0.4937,0.4922,-0.0177,-0.0052,0.0015,21,NA,NA
"Morgana","Majestic Empress","26-Sep-2019",18165,0.507,0.455,0.1275,0.1227,0.5016,0.5033,0.052,0.0048,-0.00169999999999992,19,0,0
"Morgana","Lunar Wraith","27-Jan-2016",16827,0.0383,0.0144,0.1585,0.1369,0.5105,0.5184,0.0239,0.0216,-0.00790000000000002,5,0,1
"Morgana","Bewitching","19-Oct-2016",17093,0.0323,0.0378,0.1388,0.1422,0.5226,0.509,-0.0055,-0.00339999999999999,0.0135999999999999,8,0,0
"Nami","Urf the Nami-tee","31-Mar-2015",16525,6e-04,7e-04,0.0884,0.0873,0.5106,0.4974,-1e-04,0.0011,0.0132,1,0,0
"Nami","Deep Sea","29-Jun-2016",16981,0.0011,6e-04,0.133,0.0947,0.5148,0.5128,5e-04,0.0383,0.002,6,0,0
"Nami","Program","15-Nov-2018",17850,0.0142,0.0329,0.1122,0.1622,0.5141,0.5209,-0.0187,-0.05,-0.00680000000000003,16,0,1
"Nami","Splendid Staff","26-Sep-2019",18165,0.0085,0.0108,0.1005,0.1035,0.523,0.5297,-0.0023,-0.00299999999999999,-0.00669999999999993,19,0,0
"Nami","SKT T1","27-Jun-2017",17344,0.0022,0.0012,0.099,0.121,0.4979,0.5005,0.001,-0.022,-0.00259999999999994,10,0,1
"Nasus","Archduke","31-Mar-2015",16525,0.0362,0.0163,0.1031,0.0821,0.5156,0.5151,0.0199,0.021,0.000499999999999945,1,0,0
"Nasus","Worldbreaker","10-Nov-2016",17115,0.0168,0.0021,0.0865,0.0313,0.5195,0.5004,0.0147,0.0552,0.0191,8,1,1
"Nasus","Lunar Guardian","08-Feb-2018",17570,0.1074,0.0483,0.0712,0.0783,0.486,0.519,0.0591,-0.0071,-0.033,13,1,1
"Nautilus","Warden","17-Feb-2015",16483,8e-04,0.0014,0.0223,0.023,0.4785,0.4825,-6e-04,-0.000699999999999999,-0.004,1,NA,NA
"Nautilus","Worldbreaker","10-Nov-2016",17115,0.0121,0.0029,0.0993,0.0598,0.516,0.5328,0.0092,0.0395,-0.0168,8,0,0
"Neeko","Star Guardian","12-Sep-2019",18151,0.0135,0.0252,0.0514,0.0523,0.4931,0.4992,-0.0117,-0.000899999999999998,-0.00609999999999999,19,1,1
"Nidalee","Warring Kingdoms","10-Feb-2015",16476,0.3705,0.0204,0.218,0.1209,0.5147,0.4838,0.3501,0.0971,0.0309,1,NA,NA
"Nidalee","Super Galaxy","16-Oct-2017",17455,0.0225,0.0088,0.0615,0.0418,0.4996,0.4908,0.0137,0.0197,0.00879999999999997,12,0,2
"Nidalee","Dawnbringer","12-Dec-2019",18242,0.0137,0.0226,0.0589,0.0539,0.4709,0.495,-0.0089,0.005,-0.0241,20,0,1
"Nidalee","Challenger","14-Jan-2016",16814,0.1616,0.0158,0.1274,0.0859,0.5127,0.4685,0.1458,0.0415,0.0442,5,1,1
"Nocturne","Cursed Revenant","04-May-2016",16925,0.0029,0.0028,0.0471,0.0443,0.5138,0.4979,9.99999999999998e-05,0.0028,0.0159,6,0,1
"Nocturne","Elderwood","29-Aug-2019",18137,0.0206,0.0081,0.0512,0.0265,0.5171,0.4923,0.0125,0.0247,0.0248,19,1,1
"Nunu","Papercraft","21-Feb-2019",17948,0.0374,0.0035,0.0521,0.0204,0.5308,0.5089,0.0339,0.0317,0.0219,17,1,1
"Nunu","Zombie","05-Nov-2015",16744,0.001,8e-04,0.0264,0.0181,0.4836,0.481,2e-04,0.0083,0.00259999999999999,4,0,0
"Olaf","Marauder","30-Sep-2015",16708,0.0123,0.0094,0.0676,0.0527,0.4892,0.4786,0.0029,0.0149,0.0106,3,0,1
"Olaf","Butcher","07-Sep-2016",17051,0.0129,0.0128,0.0459,0.0552,0.5241,0.5105,9.99999999999994e-05,-0.0093,0.0136000000000001,7,0,0
"Olaf","Dragonslayer","30-Jan-2020",18291,0.1271,0.1859,0.0754,0.0878,0.5133,0.5085,-0.0588,-0.0124,0.00480000000000003,21,0,0
"Olaf","SKT T1","27-Jun-2017",17344,0.0062,0.0019,0.04,0.0366,0.5083,0.5032,0.0043,0.0034,0.00509999999999999,10,0,1
"Orianna","Dark Star","03-May-2017",17289,0.0174,0.015,0.1756,0.1649,0.5063,0.5012,0.0024,0.0107,0.00509999999999999,10,1,2
"Orianna","Heartseeker","11-Feb-2016",16842,3e-04,9e-04,0.0651,0.061,0.4613,0.4701,-6e-04,0.00410000000000001,-0.00880000000000003,5,0,1
"Orianna","Victorious","21-Nov-2018",17856,0.0051,0.0053,0.0753,0.0664,0.4923,0.4922,-2e-04,0.00890000000000001,9.9999999999989e-05,16,0,0
"Pantheon","Baker","07-Sep-2016",17051,0.0308,0.0158,0.0711,0.064,0.5354,0.533,0.015,0.0071,0.00239999999999996,7,0,0
"Pantheon","Zombie Slayer","05-Nov-2015",16744,0.0028,0.0029,0.0523,0.0617,0.5058,0.5208,-9.99999999999998e-05,-0.0094,-0.015,4,0,0
"Poppy","Star Guardian","05-Oct-2016",17079,0.0184,0.0016,0.1091,0.0319,0.513,0.512,0.0168,0.0772,0.001,8,0,1
"Poppy","Snow Fawn","12-Dec-2017",17512,0.0023,0.0016,0.0284,0.0178,0.5009,0.4983,7e-04,0.0106,0.00259999999999999,12,0,1
"Poppy","Hextech","23-Jul-2018",17735,0.0095,0.0047,0.0547,0.0369,0.5072,0.5101,0.0048,0.0178,-0.00290000000000001,15,1,2
"Pyke","Blood Moon","10-Jan-2019",17906,0.2702,0.3186,0.1303,0.1706,0.4853,0.4959,-0.0484,-0.0403,-0.0106,17,1,1
"Pyke","PROJECT","01-Aug-2019",18109,0.3828,0.1868,0.165,0.1348,0.509,0.4905,0.196,0.0302,0.0185,19,1,2
"Qiyana","True Damage","10-Nov-2019",18210,0.1277,0.115,0.1056,0.0566,0.4492,0.4602,0.0127,0.049,-0.011,20,1,2
"Quinn","Corsair","22-Jul-2015",16638,4e-04,4e-04,0.0179,0.0168,0.4974,0.5149,0,0.0011,-0.0175,3,0,0
"Quinn","Heartseeker","02-Feb-2017",17199,0.0639,0.0019,0.0818,0.0274,0.5615,0.5624,0.062,0.0544,-0.000900000000000012,9,1,1
"Rakan","Star Guardian","12-Sep-2019",18151,0.0195,0.0074,0.1014,0.0676,0.5009,0.5164,0.0121,0.0338,-0.0155,19,0,0
"Rakan","Sweetheart","12-Feb-2018",17574,0.0394,0.0147,0.1185,0.0742,0.4971,0.4943,0.0247,0.0443,0.00279999999999997,13,1,1
"Rakan","SSG","20-Jul-2018",17732,0.0827,0.0687,0.1593,0.1265,0.5115,0.5145,0.014,0.0328,-0.003,15,1,2
"Rakan","iG","23-Apr-2019",18009,0.0042,0.0036,0.0473,0.0481,0.5016,0.4762,6e-04,-0.000799999999999995,0.0254,18,0,1
"Rammus","Guardian of the Sands","26-Apr-2015",16551,0.0017,0.0017,0.0285,0.0277,0.5013,0.5078,0,0.000800000000000002,-0.00650000000000006,2,1,1
"Rammus","Sweeper","14-Jun-2018",17696,0.0109,0.0208,0.0213,0.0285,0.4816,0.4971,-0.0099,-0.0072,-0.0155,14,0,1
"Rammus","Hextech","15-Aug-2019",18123,0.0707,0.0959,0.0321,0.0355,0.4952,0.5013,-0.0252,-0.0034,-0.00609999999999999,19,0,2
"RekSai","Pool Party","25-Jun-2015",16611,0.1107,0.1195,0.0957,0.1411,0.5024,0.5141,-0.00879999999999999,-0.0454,-0.0117,2,0,1
"RekSai","Blackfrost","05-Mar-2020",18326,0.0591,0.075,0.0608,0.0793,0.5115,0.5098,-0.0159,-0.0185,0.00169999999999992,21,0,0
"Renekton","Prehistoric","14-Jun-2015",16600,0.0037,0.0018,0.0744,0.0498,0.5122,0.4925,0.0019,0.0246,0.0197,2,0,1
"Renekton","Renektoy","29-Mar-2017",17254,0.0335,0.0047,0.1153,0.0706,0.5109,0.5148,0.0288,0.0447,-0.00390000000000001,9,0,0
"Renekton","Blackfrost","05-Mar-2020",18326,0.0623,0.0612,0.094,0.076,0.496,0.4924,0.0011,0.018,0.00359999999999999,21,1,1
"Renekton","SKT T1","17-Aug-2016",17030,0.007,0.003,0.059,0.0529,0.513,0.4918,0.004,0.00609999999999999,0.0212,7,1,1
"Renekton","Hextech","20-Dec-2018",17885,0.0446,0.0157,0.0858,0.0588,0.4884,0.5011,0.0289,0.027,-0.0127,16,1,1
"Rengar","Mecha","09-Nov-2017",17479,0.1288,0.0122,0.099,0.0452,0.4915,0.501,0.1166,0.0538,-0.00950000000000001,12,2,2
"Rengar","Pretty Kitty","27-Mar-2019",17982,0.0624,0.0749,0.0778,0.0796,0.4882,0.5007,-0.0125,-0.00180000000000001,-0.0125,17,1,2
"Rengar","Guardian of the Sands","22-Jan-2020",18283,0.07,0.0525,0.0711,0.0727,0.5163,0.4878,0.0175,-0.0016,0.0285,21,0,0
"Rengar","SSW","13-May-2015",16568,0.0478,0.0267,0.1671,0.1109,0.4965,0.4935,0.0211,0.0562,0.003,2,0,0
"Riven","Arcade","19-Aug-2015",16666,0.235,0.171,0.213,0.1679,0.5086,0.523,0.064,0.0451,-0.0144,3,0,0
"Riven","Dawnbringer","14-Jun-2017",17331,0.1246,0.0248,0.1642,0.1317,0.5161,0.5315,0.0998,0.0325,-0.0154,10,1,2
"Riven","Pulsefire","17-May-2018",17668,0.0369,0.0347,0.1038,0.0905,0.489,0.4878,0.0022,0.0133,0.00119999999999998,14,1,1
"Riven","Valiant Sword","26-Sep-2019",18165,0.044,0.0594,0.0924,0.0819,0.4738,0.4831,-0.0154,0.0105,-0.00929999999999997,19,1,2
"Riven","Championship 2016","25-Sep-2016",17069,0.0972,0.0515,0.1885,0.1441,0.5177,0.504,0.0457,0.0444,0.0137,7,1,2
"Rumble","Badlands Baron","11-Apr-2018",17632,0.0023,0.0017,0.0211,0.0183,0.491,0.4733,6e-04,0.0028,0.0177,14,1,1
"Ryze","Ryze Whitebeard","07-Dec-2015",16776,0.0997,0.0625,0.0584,0.0871,0.4829,0.4593,0.0372,-0.0287,0.0236,4,1,1
"Ryze","Guardian of the Sands","22-Jan-2020",18283,0.0194,0.1237,0.0669,0.1354,0.449,0.4568,-0.1043,-0.0685,-0.00779999999999997,21,0,1
"Ryze","SKT T1","17-Aug-2016",17030,0.0256,0.2009,0.0375,0.0647,0.4646,0.4501,-0.1753,-0.0272,0.0145,7,0,1
"Ryze","Championship","26-Sep-2019",18165,0.0204,0.0146,0.0884,0.0608,0.4791,0.4836,0.0058,0.0276,-0.00449999999999995,19,0,1
"Sejuani","Beast Hunter","04-Feb-2016",16835,1e-04,0.001,0.0243,0.0271,0.5103,0.5163,-9e-04,-0.0028,-0.00600000000000001,5,0,0
"Sejuani","Sejuani Dawnchaser","17-Nov-2016",17122,0.0015,0.0035,0.0311,0.0472,0.5007,0.5488,-0.002,-0.0161,-0.0480999999999999,8,0,0
"Sejuani","Firecracker","28-Jan-2019",17924,0.0647,9e-04,0.0935,0.0093,0.4858,0.4441,0.0638,0.0842,0.0417,17,1,1
"Sejuani","Hextech","05-Mar-2020",18326,0.0087,0.0032,0.048,0.0258,0.4906,0.4662,0.0055,0.0222,0.0244,21,0,1
"Senna","Prestige True Damage","04-Feb-2020",18296,0.253,0.3177,0.2225,0.1936,0.5147,0.4961,-0.0647,0.0289,0.0186000000000001,21,0,1
"Shaco","Wild Card","20-May-2015",16575,0.0094,0.0114,0.0666,0.0594,0.5198,0.4977,-0.002,0.00720000000000001,0.0221000000000001,2,0,0
"Shaco","Dark Star","13-Jun-2019",18060,0.0777,0.0523,0.0536,0.0457,0.5128,0.51,0.0254,0.0079,0.00280000000000002,18,1,3
"Shen","Pulsefire","17-May-2018",17668,0.0052,0.007,0.0592,0.059,0.4811,0.4859,-0.0018,0.000200000000000006,-0.00479999999999997,14,0,0
"Shen","Infernal","05-Sep-2019",18144,0.0054,0.0022,0.065,0.041,0.5039,0.4943,0.0032,0.024,0.0096,19,1,1
"Shyvana","Super Galaxy","25-May-2016",16946,0.0019,0.0457,0.0297,0.0497,0.4927,0.5181,-0.0438,-0.02,-0.0254,6,1,2
"Singed","Black Scourge","04-May-2016",16925,0.001,8e-04,0.0183,0.0161,0.5258,0.5335,2e-04,0.0022,-0.00769999999999993,6,0,0
"Singed","Beekeeper","11-Oct-2017",17450,0.0489,0.0136,0.0701,0.0419,0.5332,0.554,0.0353,0.0282,-0.0208,12,1,1
"Singed","SSW","13-May-2015",16568,7e-04,7e-04,0.0165,0.0141,0.5164,0.498,0,0.0024,0.0184,2,0,2
"Sion","Mecha Zero","13-Apr-2016",16904,0.0023,6e-04,0.0523,0.0262,0.5338,0.543,0.0017,0.0261,-0.00919999999999999,6,0,0
"Sivir","Warden","17-Feb-2015",16483,0.0027,0.0019,0.1243,0.1044,0.5333,0.5512,8e-04,0.0199,-0.0179,1,NA,NA
"Sivir","Pizza Delivery","29-Mar-2018",17619,0.0016,0.002,0.0613,0.0489,0.5035,0.4922,-4e-04,0.0124,0.0112999999999999,13,0,1
"Sivir","Blood Moon","10-Jan-2019",17906,0.0058,0.0045,0.0794,0.0661,0.5255,0.5056,0.0013,0.0133,0.0198999999999999,17,1,1
"Sivir","Victorious","12-Nov-2015",16751,8e-04,9e-04,0.0708,0.0953,0.4821,0.5214,-9.99999999999999e-05,-0.0245,-0.0393,4,1,1
"Sivir","Neo PAX","30-Aug-2017",17408,0.0028,0.0052,0.0752,0.0825,0.4964,0.518,-0.0024,-0.0073,-0.0216,11,1,2
"Skarner","Guardian of the Sands","26-Apr-2015",16551,0.0011,9e-04,0.0263,0.0234,0.5282,0.5265,2e-04,0.0029,0.00170000000000003,2,0,1
"Sona","DJ","25-Feb-2015",16491,0.001,0.0012,0.075,0.0653,0.5065,0.5192,-2e-04,0.0097,-0.0127,1,0,1
"Sona","Odyssey","12-Sep-2018",17786,0.0013,0.0014,0.0418,0.0443,0.525,0.5197,-1e-04,-0.0025,0.00529999999999997,15,0,0
"Sona","Sweetheart","11-Feb-2016",16842,2e-04,0.0016,0.0375,0.0601,0.5194,0.5428,-0.0014,-0.0226,-0.0234,5,0,0
"Soraka","Order of the Banana","31-Mar-2015",16525,0.0016,0.0017,0.0388,0.0441,0.5104,0.5104,-9.99999999999998e-05,-0.0053,0,1,1,1
"Soraka","Program","06-Apr-2016",16897,0.3033,0.1369,0.1239,0.1151,0.5421,0.5274,0.1664,0.0088,0.0147,6,1,2
"Soraka","Star Guardian","06-Sep-2017",17415,0.2598,0.0331,0.1787,0.0944,0.5438,0.5407,0.2267,0.0843,0.00309999999999999,11,0,0
"Soraka","Pajama Guardian","21-Nov-2018",17856,0.0134,0.0164,0.0763,0.066,0.5107,0.5052,-0.003,0.0103,0.00550000000000006,16,1,1
"Soraka","Dawnbringer","12-Dec-2019",18242,0.0267,0.0088,0.1127,0.049,0.5314,0.5213,0.0179,0.0637,0.0101,20,0,0
"Soraka","Winter Wonder","06-Dec-2018",17871,0.0189,0.0132,0.0824,0.0636,0.5205,0.5081,0.0057,0.0188,0.0124,16,0,1
"Swain","Dragon Master","22-Feb-2018",17584,0.0992,0.002,0.0745,0.0172,0.5015,0.4725,0.0972,0.0573,0.029,13,2,3
"Swain","Hextech","12-Dec-2019",18242,0.0249,0.0281,0.0633,0.0541,0.509,0.5185,-0.0032,0.00919999999999999,-0.00949999999999995,20,0,0
"Sylas","Freljord","10-Jan-2020",18271,0.0289,0.0128,0.0772,0.0333,0.474,0.4464,0.0161,0.0439,0.0276,21,2,2
"Syndra","Queen of Diamonds","20-May-2015",16575,0.001,0.0023,0.0222,0.0318,0.4788,0.473,-0.0013,-0.0096,0.00580000000000003,2,0,0
"Syndra","Star Guardian","06-Sep-2017",17415,0.0624,0.1019,0.0863,0.0884,0.4791,0.4773,-0.0395,-0.0021,0.00180000000000002,11,1,2
"Syndra","Snow Day","10-Dec-2015",16779,0.0017,9e-04,0.0477,0.0264,0.4826,0.5079,8e-04,0.0213,-0.0253,4,0,1
"Syndra","SKT T1","27-Jun-2017",17344,0.1292,0.1029,0.1003,0.1406,0.4787,0.5016,0.0263,-0.0403,-0.0229,10,2,3
"TahmKench","Urf Kench","31-Mar-2016",16891,0.0724,0.1997,0.0362,0.0598,0.4749,0.4648,-0.1273,-0.0236,0.0101,5,1,2
"TahmKench","Coin Emperor","28-Jan-2019",17924,0.0058,0.0075,0.0251,0.0235,0.4522,0.453,-0.0017,0.0016,-0.000800000000000023,17,1,2
"Taliyah","SSG","20-Jul-2018",17732,0.083,0.1616,0.074,0.071,0.5243,0.5259,-0.0786,0.003,-0.00160000000000005,15,1,3
"Talon","Blood Moon","09-Feb-2017",17206,0.1986,0.0098,0.0935,0.03,0.5374,0.5455,0.1888,0.0635,-0.0081,9,1,2
"Talon","Enduring Sword","04-Sep-2018",17778,0.0805,0.2431,0.0583,0.0842,0.519,0.5249,-0.1626,-0.0259,-0.00590000000000002,15,0,1
"Talon","Talon Blackwood","19-Mar-2020",18340,0.0481,0.0589,0.0524,0.059,0.5238,0.5126,-0.0108,-0.00659999999999999,0.0112000000000001,21,NA,NA
"Talon","SSW","13-May-2015",16568,0.0052,0.0032,0.0596,0.0413,0.5289,0.5313,0.002,0.0183,-0.00239999999999996,2,0,0
"Taric","Pool Party","13-Jul-2016",16995,0.0032,0.0192,0.0406,0.0452,0.5238,0.5176,-0.016,-0.0046,0.00620000000000009,7,0,0
"Taric","Taric Luminshield","19-Mar-2020",18340,0.0163,0.0232,0.0426,0.0358,0.5319,0.5396,-0.0069,0.0068,-0.00769999999999993,21,NA,NA
"Teemo","Omega Squad","08-Apr-2015",16533,0.0032,0.0026,0.0302,0.0219,0.4911,0.4793,6e-04,0.0083,0.0118,2,0,0
"Teemo","Beemo","01-May-2018",17652,0.0312,0.0256,0.0421,0.0347,0.4901,0.4928,0.0056,0.0074,-0.00270000000000004,14,1,2
"Teemo","Little Devil","19-Oct-2016",17093,0.0113,0.0169,0.0644,0.0554,0.527,0.521,-0.0056,0.009,0.00600000000000001,8,0,2
"Thresh","Blood Moon","08-Jan-2015",16443,0.0226,0.0312,0.431,0.4014,0.4856,0.4794,-0.0086,0.0296,0.00619999999999998,1,NA,NA
"Thresh","Dark Star","15-Jun-2016",16967,0.0054,0.0039,0.3084,0.2692,0.486,0.4846,0.0015,0.0392,0.00140000000000001,6,1,1
"Thresh","High Noon","30-Aug-2018",17773,0.0531,0.0237,0.2218,0.1387,0.5056,0.4907,0.0294,0.0831,0.0149,15,0,1
"Thresh","Pulsefire","21-Nov-2019",18221,0.0995,0.1037,0.2378,0.2358,0.4957,0.4962,-0.0042,0.002,-5e-04,20,2,2
"Thresh","SSW","13-May-2015",16568,0.0119,0.0108,0.4656,0.4134,0.4954,0.4892,0.0011,0.0522,0.00619999999999998,2,0,0
"Tristana","Dragon Trainer","03-Dec-2015",16772,0.0055,0.005,0.1961,0.2022,0.4896,0.4801,5e-04,-0.00609999999999999,0.00949999999999995,4,1,1
"Tristana","Omega Squad","26-Jul-2017",17373,0.1247,0.002,0.2781,0.0831,0.5161,0.5073,0.1227,0.195,0.00880000000000003,11,0,0
"Tristana","Little Demon","30-May-2019",18046,0.0063,0.0077,0.0813,0.0897,0.4936,0.4938,-0.0014,-0.0084,-0.000200000000000033,18,0,0
"Tristana","Bewitching","19-Oct-2016",17093,5e-04,8e-04,0.0579,0.0829,0.505,0.498,-3e-04,-0.025,0.00700000000000001,8,0,0
"Trundle","Worldbreaker","10-Nov-2016",17115,0.004,0.0068,0.0521,0.0547,0.495,0.5307,-0.0028,-0.0026,-0.0357,8,0,0
"Trundle","Dragonslayer","30-Jan-2020",18291,0.0031,0.0015,0.0339,0.0208,0.4981,0.4818,0.0016,0.0131,0.0163,21,1,1
"Tryndamere","Nightmare","07-Jun-2015",16593,0.0054,0.0026,0.0528,0.0368,0.5307,0.5317,0.0028,0.016,-0.001,2,0,0
"Tryndamere","Beast Hunter","04-Feb-2016",16835,2e-04,0.0107,0.0241,0.0316,0.511,0.4898,-0.0105,-0.0075,0.0212,5,0,0
"Tryndamere","Chemtech","05-Jun-2017",17322,0.036,0.0077,0.0664,0.0573,0.532,0.6212,0.0283,0.0091,-0.0891999999999999,10,0,0
"Tryndamere","Blood Moon","20-Feb-2020",18312,0.0402,0.0609,0.0475,0.0471,0.5018,0.5274,-0.0207,0.000399999999999998,-0.0256,21,0,0
"TwistedFate","Cutpurse","21-Jul-2015",16637,0.1007,0.0102,0.1375,0.0918,0.5204,0.5208,0.0905,0.0457,-0.000400000000000067,3,0,0
"TwistedFate","Blood Moon","09-Feb-2017",17206,0.0051,0.0094,0.0863,0.0956,0.5248,0.5338,-0.0043,-0.0093,-0.00900000000000001,9,0,0
"TwistedFate","Pulsefire","17-May-2018",17668,0.0393,0.0546,0.0991,0.078,0.5205,0.5095,-0.0153,0.0211,0.011,14,1,2
"Twitch","Omega Squad","26-Jul-2017",17373,0.246,0.1359,0.1881,0.1678,0.5281,0.5298,0.1101,0.0203,-0.00170000000000003,11,1,1
"Twitch","Twitch Shadowfoot","19-Mar-2020",18340,0.003,0.004,0.0344,0.0304,0.5031,0.5099,-0.001,0.004,-0.00680000000000003,21,NA,NA
"Twitch","SSW","13-May-2015",16568,4e-04,4e-04,0.0238,0.0187,0.4953,0.47,0,0.0051,0.0253,2,1,2
"Twitch","Ice King","06-Dec-2018",17871,0.0197,0.0138,0.0794,0.0648,0.5079,0.5125,0.0059,0.0146,-0.00459999999999994,16,0,0
"Udyr","Definitely Not","31-Mar-2015",16525,0.0069,0.0016,0.0798,0.0315,0.5175,0.5022,0.0053,0.0483,0.0153,1,0,0
"Udyr","Dragon Oracle","15-Aug-2019",18123,0.011,0.0161,0.0234,0.0291,0.51,0.5081,-0.0051,-0.0057,0.00190000000000001,19,0,2
"Urgot","High Noon","30-Aug-2018",17773,0.0601,0.0073,0.0792,0.0279,0.5035,0.5143,0.0528,0.0513,-0.0108,15,0,0
"Varus","Varus Swiftbolt","07-Dec-2015",16776,7e-04,6e-04,0.0352,0.0336,0.5079,0.5172,1e-04,0.0016,-0.00929999999999997,4,1,1
"Varus","Dark Star","15-Jun-2016",16967,7e-04,4e-04,0.0386,0.0288,0.4913,0.4997,3e-04,0.0098,-0.00839999999999996,6,0,1
"Varus","Infernal","05-Sep-2019",18144,0.002,0.0023,0.0448,0.047,0.4754,0.4796,-3e-04,-0.0022,-0.00420000000000004,19,0,0
"Varus","Heartseeker","13-Feb-2015",16479,4e-04,6e-04,0.0171,0.0233,0.5015,0.5039,-2e-04,-0.0062,-0.00240000000000007,1,NA,NA
"Varus","Conqueror","25-Apr-2018",17646,0.0129,0.0931,0.0798,0.1648,0.4802,0.5024,-0.0802,-0.085,-0.0221999999999999,14,1,1
"Vayne","Arclight","20-Apr-2015",16545,0.0112,0.0051,0.2751,0.1849,0.5048,0.4883,0.0061,0.0902,0.0165,2,0,0
"Vayne","PROJECT","22-Nov-2017",17492,0.2045,0.1575,0.2635,0.2388,0.5013,0.5051,0.047,0.0247,-0.00380000000000003,12,1,1
"Vayne","Firecracker","28-Jan-2019",17924,0.251,0.0369,0.2379,0.1629,0.5076,0.4898,0.2141,0.075,0.0178,17,1,1
"Vayne","Soulstealer","28-Jul-2016",17010,0.0464,0.0433,0.1992,0.2457,0.4703,0.48,0.0031,-0.0465,-0.00969999999999999,7,1,1
"Veigar","Omega Squad","26-Jul-2017",17373,0.0074,0.007,0.0549,0.0418,0.4859,0.5055,4e-04,0.0131,-0.0196,11,0,1
"Veigar","Elderwood","29-Aug-2019",18137,0.0206,0.0218,0.0607,0.0624,0.4981,0.5003,-0.0012,-0.0017,-0.00219999999999998,19,0,0
"Velkoz","Arclight","28-Jan-2015",16463,0.0012,0.0014,0.0464,0.0448,0.4984,0.5066,-2e-04,0.0016,-0.00820000000000004,1,NA,NA
"Velkoz","Definitely Not","31-Mar-2016",16891,0.0011,0.0319,0.0508,0.0325,0.5172,0.5177,-0.0308,0.0183,-0.000500000000000056,5,0,0
"Vi","Demon","19-Oct-2015",16727,0.0158,0.0251,0.0934,0.0795,0.512,0.4963,-0.0093,0.0139,0.0157,4,0,1
"Vi","PROJECT","22-Nov-2017",17492,0.005,0.0023,0.0436,0.0346,0.5018,0.4964,0.0027,0.009,0.00540000000000002,12,2,2
"Vi","Warring Kingdoms","19-Jan-2017",17185,0.1138,0.1037,0.1162,0.1495,0.5142,0.5291,0.0101,-0.0333,-0.0149,9,0,0
"Vi","Heartbreaker","11-Feb-2019",17938,0.0088,0.0034,0.0515,0.0357,0.5082,0.5116,0.0054,0.0158,-0.00340000000000007,17,1,1
"Viktor","Death Sworn","25-Oct-2017",17464,0.0021,0.0023,0.0337,0.04,0.4662,0.4761,-2e-04,-0.0063,-0.00990000000000002,12,1,1
"Vladimir","Academy","26-Aug-2015",16673,0.0133,0.1042,0.0935,0.1228,0.4871,0.4905,-0.0909,-0.0293,-0.00340000000000001,3,0,0
"Vladimir","Dark Waters","31-May-2018",17682,0.3624,0.1859,0.1592,0.121,0.4952,0.5137,0.1765,0.0382,-0.0185000000000001,14,0,0
"Vladimir","Nightbringer","12-Dec-2019",18242,0.1393,0.1875,0.115,0.1163,0.4978,0.4887,-0.0482,-0.0013,0.0091,20,0,0
"Volibear","El Rayo","01-Jun-2016",16953,0.0531,0.0133,0.0853,0.0568,0.5313,0.5376,0.0398,0.0285,-0.00629999999999997,6,0,1
"Warwick","Marauder","17-Feb-2015",16483,0.005,0.0892,0.0427,0.0544,0.5057,0.4847,-0.0842,-0.0117,0.021,1,NA,NA
"Warwick","PROJECT","01-Aug-2019",18109,0.0068,0.0053,0.0392,0.0284,0.5085,0.513,0.0015,0.0108,-0.00450000000000006,19,0,1
"Warwick","Lunar Guardian","08-Feb-2018",17570,0.2392,0.0447,0.1126,0.0757,0.5349,0.5404,0.1945,0.0369,-0.00549999999999995,13,1,1
"Warwick","Urfwick","08-Nov-2017",17478,0.0306,0.0549,0.0537,0.0694,0.5302,0.5129,-0.0243,-0.0157,0.0173,12,1,1
"Xayah","Star Guardian","12-Sep-2019",18151,0.0572,0.0185,0.1469,0.1038,0.4977,0.5189,0.0387,0.0431,-0.0212000000000001,19,1,3
"Xayah","Sweetheart","12-Feb-2018",17574,0.1821,0.0627,0.2247,0.1372,0.5157,0.4924,0.1194,0.0875,0.0233,13,1,1
"Xayah","SSG","20-Jul-2018",17732,0.0184,0.0239,0.1119,0.0704,0.4936,0.487,-0.0055,0.0415,0.00659999999999999,15,0,1
"Xerath","Guardian of the Sands","26-Apr-2015",16551,0.0153,0.0609,0.0674,0.1142,0.5078,0.4954,-0.0456,-0.0468,0.0124,2,0,1
"Xerath","Dark Star","26-Mar-2020",18347,0.0077,0.0045,0.057,0.039,0.4952,0.4833,0.0032,0.018,0.0119,21,NA,NA
"XinZhao","Secret Agent","16-Mar-2015",16510,0.0012,0.0011,0.0468,0.0404,0.5017,0.484,9.99999999999998e-05,0.0064,0.0177,1,1,1
"XinZhao","Dragonslayer","09-Mar-2017",17234,0.0035,6e-04,0.056,0.0243,0.5331,0.5271,0.0029,0.0317,0.00600000000000001,9,0,1
"XinZhao","Cosmic Defender","21-Aug-2018",17764,0.0511,0.0902,0.0701,0.0834,0.5102,0.5065,-0.0391,-0.0133,0.00370000000000004,15,0,0
"Yasuo","Blood Moon","25-Feb-2016",16856,0.0462,0.1359,0.1716,0.1299,0.4933,0.4765,-0.0897,0.0417,0.0168,5,0,2
"Yasuo","Nightbringer","14-Jun-2017",17331,0.4673,0.3199,0.1439,0.169,0.4968,0.5458,0.1474,-0.0251,-0.0489999999999999,10,2,4
"Yasuo","Odyssey","12-Sep-2018",17786,0.5479,0.5839,0.1797,0.1921,0.4714,0.4792,-0.0359999999999999,-0.0124,-0.00780000000000003,15,0,0
"Yasuo","Battle Boss","28-Jun-2019",18075,0.4871,0.5172,0.1926,0.1563,0.473,0.4737,-0.0301,0.0363,-0.000700000000000034,18,0,0
"Yasuo","True Damage","10-Nov-2019",18210,0.4903,0.5033,0.2199,0.1883,0.486,0.4874,-0.013,0.0316,-0.00140000000000001,20,1,1
"Yorick","Arclight","02-Oct-2017",17441,0.0027,0.0039,0.0147,0.0161,0.4901,0.5061,-0.0012,-0.0014,-0.016,12,0,0
"Yorick","Meowrick","27-Mar-2019",17982,0.0383,0.1394,0.0298,0.0858,0.5076,0.5268,-0.1011,-0.056,-0.0192,17,2,2
"Yuumi","Heartseeker","04-Feb-2020",18296,0.0468,0.0226,0.0927,0.0334,0.4791,0.461,0.0242,0.0593,0.0181,21,0,1
"Zac","Pool Party","25-Jun-2015",16611,0.0014,0.0022,0.0301,0.0361,0.4839,0.4909,-8e-04,-0.006,-0.00700000000000001,2,1,1
"Zac","SKT T1","27-Jun-2017",17344,0.7476,0.2429,0.0743,0.0836,0.5279,0.4966,0.5047,-0.00929999999999999,0.0313000000000001,10,2,4
"Zed","PROJECT","07-Sep-2015",16685,0.1257,0.2028,0.1718,0.1099,0.4846,0.4987,-0.0771,0.0619,-0.0141,3,2,2
"Zed","Galaxy Slayer","18-Apr-2019",18004,0.5647,0.5522,0.1329,0.1332,0.5018,0.5174,0.0125,-0.000300000000000022,-0.0155999999999999,18,1,2
"Zed","Championship","25-Sep-2016",17069,0.4951,0.585,0.0921,0.0901,0.5006,0.4824,-0.0899,0.002,0.0182,7,1,1
"Zed","Death Sworn","25-Oct-2017",17464,0.4245,0.4309,0.1206,0.1328,0.4984,0.4938,-0.00640000000000002,-0.0122,0.00459999999999999,12,0,1
"Ziggs","Master Arcanist","06-May-2015",16561,0.0018,8e-04,0.0645,0.0264,0.5107,0.4921,0.001,0.0381,0.0186000000000001,2,0,1
"Ziggs","Battle Boss","08-Aug-2017",17386,0.0023,0.0025,0.0385,0.0371,0.5154,0.5366,-2e-04,0.0014,-0.0212,11,2,2
"Ziggs","Sugar Rush","17-Dec-2019",18247,0.001,0.0015,0.014,0.0157,0.4997,0.5021,-5e-04,-0.0017,-0.00240000000000001,20,0,0
"Ziggs","Odyssey","12-Sep-2018",17786,0.0011,0.0018,0.0234,0.0254,0.4973,0.5017,-7e-04,-0.002,-0.00440000000000002,15,0,0
"Zilean","Blood Moon","10-May-2015",16565,8e-04,7e-04,0.0085,0.0055,0.522,0.4857,1e-04,0.003,0.0363,2,0,2
"Zilean","Sugar Rush","17-Dec-2019",18247,0.0075,0.0081,0.0394,0.0277,0.5262,0.5192,-6e-04,0.0117,0.00700000000000001,20,0,0
"Zoe","Pool Party","02-Aug-2018",17745,0.3893,0.3425,0.09,0.1027,0.4914,0.5004,0.0468,-0.0127,-0.00899999999999995,15,1,2
"Zoe","Star Guardian","12-Sep-2019",18151,0.0451,0.0408,0.0549,0.0381,0.4936,0.4966,0.0043,0.0168,-0.003,19,1,2
"Zyra","Dragon Sorceress","09-Mar-2017",17234,0.0199,0.0376,0.0764,0.1351,0.501,0.512,-0.0177,-0.0587,-0.011,9,1,3
